{
  "Author": "Liza Carvelli",
  "Name": "KitchenSink",
  "InternalName": "KitchenSink",
  "AssemblyVersion": "2.3",
  "Description": "A plugin for things that aren't worth their own plugins; see commands for details.",
  "ApplicableVersion": "any",
  "RepoUrl": "https://git.carvel.li/liza/KitchenSink",
  "Tags": [
    "character switch"
  ],
  "DalamudApiLevel": 11,
  "LoadRequiredState": 0,
  "LoadSync": false,
  "CanUnloadAsync": false,
  "LoadPriority": 0,
  "IconUrl": "https://plugins.carvel.li/icons/KitchenSink.png",
  "Punchline": "A plugin for things that aren't worth their own plugins.",
  "AcceptsFeedback": true
}