{
  "Author": "veyn, croizat",
  "Name": "Visland",
  "InternalName": "visland",
  "AssemblyVersion": "0.0.0.133",
  "Description": "Automate gathering, workshop assignments, etc.",
  "ApplicableVersion": "any",
  "DalamudApiLevel": 11,
  "LoadRequiredState": 0,
  "LoadSync": false,
  "CanUnloadAsync": false,
  "LoadPriority": 0,
  "IconUrl": "https://raw.githubusercontent.com/awgil/ffxiv_visland/d3338f6ddbf54365e60fbdf8e85ea8f5abdb745f/icon.png",
  "Punchline": "Automate island sanctuary activities",
  "AcceptsFeedback": true
}