{
  "Author": "Taurenkey (Puni.sh)",
  "Name": "Pandora's Box",
  "InternalName": "PandorasBox",
  "AssemblyVersion": "1.6.1.0",
  "Description": "Pandora's Box is a collection of major QoL tweaks and adjustments.\n\nOpen the box with /pandora",
  "ApplicableVersion": "any",
  "RepoUrl": "https://github.com/PunishXIV/PandorasBox",
  "Tags": [
    "punish",
    "plugin"
  ],
  "DalamudApiLevel": 10,
  "LoadRequiredState": 0,
  "LoadSync": false,
  "CanUnloadAsync": false,
  "LoadPriority": 0,
  "IconUrl": "https://love.puni.sh/resources/pandora.png",
  "Punchline": "Do you dare to open Pandora's Box?",
  "Changelog": "- Bug fixes for multiple features, including Auto-Tank stance, Reduce All, Repair All, Party Finder View More and Quick Lower Quality.\n- IPC were broken? Probably fixed now.",
  "AcceptsFeedback": true
}