{
  "Author": "Taurenkey (Puni.sh)",
  "Name": "Pandora's Box",
  "InternalName": "PandorasBox",
  "AssemblyVersion": "1.6.3.10",
  "Description": "Pandora's Box is a collection of major QoL tweaks and adjustments.\n\nOpen the box with /pandora",
  "ApplicableVersion": "any",
  "RepoUrl": "https://github.com/PunishXIV/PandorasBox",
  "Tags": [
    "punish",
    "plugin"
  ],
  "DalamudApiLevel": 12,
  "LoadRequiredState": 0,
  "LoadSync": false,
  "CanUnloadAsync": false,
  "LoadPriority": 0,
  "IconUrl": "https://love.puni.sh/resources/pandora.png",
  "Punchline": "Do you dare to open Pandora's Box?",
  "Changelog": "- Update Desynth all.",
  "AcceptsFeedback": true
}