{
  "Author": "Liza Carvelli",
  "Name": "Discard Helper",
  "InternalName": "ARDiscard",
  "AssemblyVersion": "6.3",
  "Description": "Small plugin to help keep your inventory organized (especially when automating retainers or submersibles) by discarding items you don't want (e.g. Stuffed Alphas)",
  "ApplicableVersion": "any",
  "RepoUrl": "https://git.carvel.li/liza/ARDiscard",
  "Tags": [
    "autoretainer",
    "automation",
    "discard",
    "yeet"
  ],
  "DalamudApiLevel": 10,
  "LoadRequiredState": 0,
  "LoadSync": false,
  "CanUnloadAsync": false,
  "LoadPriority": 0,
  "IconUrl": "https://plugins.carvel.li/icons/ARDiscard.png",
  "Punchline": "Discard items automatically via a command or as a post-venture task for AutoRetainer",
  "AcceptsFeedback": true
}