{
  "Author": "Liza Carvelli",
  "Name": "Discard Helper",
  "InternalName": "ARDiscard",
  "AssemblyVersion": "4.7",
  "Description": "",
  "ApplicableVersion": "any",
  "RepoUrl": "https://git.carvel.li/liza/ARDiscard",
  "DalamudApiLevel": 9,
  "LoadRequiredState": 0,
  "LoadSync": false,
  "CanUnloadAsync": false,
  "LoadPriority": 0,
  "IconUrl": "https://plugins.carvel.li/icons/ARDiscard.png",
  "Punchline": "Discard items automatically via a command or as a post-venture task for AutoRetainer",
  "AcceptsFeedback": true
}