{
  "Disabled": false,
  "Testing": false,
  "ScheduledForDeletion": false,
  "InstalledFromUrl": "",
  "WorkingPluginId": "11e5fcf5-f833-4605-929c-ca969f6bd992",
  "IsThirdParty": false,
  "EffectiveVersion": "0.12",
  "Author": "Liza Carvelli",
  "Name": "Influx",
  "Punchline": "Sync game stats to InfluxDB",
  "Description": "Sync game stats to InfluxDB",
  "Changelog": null,
  "Tags": null,
  "CategoryTags": null,
  "IsHide": false,
  "InternalName": "Influx",
  "AssemblyVersion": "0.12",
  "TestingAssemblyVersion": null,
  "IsTestingExclusive": false,
  "RepoUrl": "https://git.carvel.li/liza/Influx",
  "ApplicableVersion": "any",
  "DalamudApiLevel": 9,
  "DownloadCount": 0,
  "LastUpdate": 0,
  "DownloadLinkInstall": null,
  "DownloadLinkUpdate": null,
  "DownloadLinkTesting": null,
  "LoadRequiredState": 0,
  "LoadSync": false,
  "LoadPriority": 0,
  "CanUnloadAsync": false,
  "SupportsProfiles": true,
  "ImageUrls": null,
  "IconUrl": "https://plugins.carvel.li/icons/Influx.png",
  "AcceptsFeedback": true,
  "FeedbackMessage": null,
  "_Dip17Channel": null
}