{
  "Author": "Liza Carvelli",
  "Name": "Influx",
  "InternalName": "Influx",
  "AssemblyVersion": "3.0",
  "Description": "Uploads your game statistics (such as quest progress, gil, retainer stats) to an InfluxDB or QuestDB instance, making it possible to automatically track your progress through external tools such as Grafana.",
  "ApplicableVersion": "any",
  "RepoUrl": "https://git.carvel.li/liza/Influx",
  "DalamudApiLevel": 11,
  "LoadRequiredState": 0,
  "LoadSync": false,
  "CanUnloadAsync": false,
  "LoadPriority": 0,
  "IconUrl": "https://plugins.carvel.li/icons/Influx.png",
  "Punchline": "Sync game stats to InfluxDB or QuestDB",
  "AcceptsFeedback": true
}