{
  "Author": "Det",
  "Name": "AutoHook",
  "InternalName": "AutoHook",
  "AssemblyVersion": "5.0.0.39",
  "MinimumDalamudVersion": "14.0.0.0",
  "Description": "It hooks the fish for you, can you believe it?",
  "ApplicableVersion": "any",
  "RepoUrl": "https://github.com/PunishXIV/AutoHook",
  "Tags": [
    "Gathering",
    "Fishing"
  ],
  "DalamudApiLevel": 14,
  "LoadRequiredState": 0,
  "LoadSync": false,
  "CanUnloadAsync": false,
  "LoadPriority": 0,
  "IconUrl": "https://s3.puni.sh/media/plugin/47/icon-k1slevjorpo.png",
  "Punchline": "Makes fishing less (or more) boring",
  "Changelog": "Click the Changelog button to see whats new",
  "AcceptsFeedback": false
}