{
  "Author": "Liza Carvelli",
  "Name": "Gearsetter",
  "InternalName": "Gearsetter",
  "AssemblyVersion": "3.1",
  "Description": "Browse through all gear pieces available for each class/job and show possible upgrades",
  "ApplicableVersion": "any",
  "RepoUrl": "https://git.carvel.li/liza/Gearsetter",
  "Tags": [
    "gearset",
    "gearsets"
  ],
  "DalamudApiLevel": 12,
  "LoadRequiredState": 0,
  "LoadSync": false,
  "CanUnloadAsync": false,
  "LoadPriority": 0,
  "IconUrl": "https://plugins.carvel.li/icons/Gearsetter.png",
  "Punchline": "Find gear upgrades",
  "AcceptsFeedback": true
}