{
  "Author": "кайт машина (Puni.sh)",
  "Name": "Orbwalker",
  "InternalName": "Orbwalker",
  "AssemblyVersion": "1.0.0.8",
  "Description": "Locks player movement while casting and allows for maximum caster uptime during the course of a fight.",
  "ApplicableVersion": "any",
  "RepoUrl": "https://github.com/PunishXIV/Orbwalker",
  "DalamudApiLevel": 10,
  "LoadRequiredState": 0,
  "LoadSync": false,
  "CanUnloadAsync": false,
  "LoadPriority": 0,
  "IconUrl": "https://love.puni.sh/resources/orbwalker.png",
  "Punchline": "S P A C E G L I D I N G",
  "AcceptsFeedback": false
}