{
  "Author": "Liza Carvelli",
  "Name": "Squadronista",
  "InternalName": "Squadronista",
  "AssemblyVersion": "4.0",
  "Description": "",
  "ApplicableVersion": "any",
  "RepoUrl": "https://git.carvel.li/liza/Squadronista",
  "DalamudApiLevel": 10,
  "LoadRequiredState": 0,
  "LoadSync": false,
  "CanUnloadAsync": false,
  "LoadPriority": 0,
  "IconUrl": "https://plugins.carvel.li/icons/Squadronista.png",
  "Punchline": "Simplified Squadron Calculator, heavily inspired by https://ffxivsquadron.com/",
  "AcceptsFeedback": true
}