{
  "Author": "Liza Carvelli",
  "Name": "Slice is Right",
  "InternalName": "SliceIsRight",
  "AssemblyVersion": "8.0",
  "Description": "Shows where Bamboo falls.",
  "ApplicableVersion": "any",
  "RepoUrl": "https://git.carvel.li/liza/SliceIsRight",
  "Tags": [
    "gold saucer",
    "yojimbo"
  ],
  "DalamudApiLevel": 10,
  "LoadRequiredState": 0,
  "LoadSync": false,
  "CanUnloadAsync": false,
  "LoadPriority": 0,
  "IconUrl": "https://plugins.carvel.li/icons/SliceIsRight.png",
  "Punchline": "Shows where Bamboo falls.",
  "AcceptsFeedback": true
}