{
  "Author": "Team Wrath",
  "Name": "Wrath Combo",
  "InternalName": "WrathCombo",
  "AssemblyVersion": "1.0.3.16",
  "Description": "XIVCombo for very lazy players",
  "ApplicableVersion": "any",
  "RepoUrl": "https://github.com/PunishXIV/WrathCombo",
  "Tags": [
    "combo",
    "wrath",
    "wrathcombo",
    "auto",
    "autorotation",
    "rotation",
    "pve",
    "pvp"
  ],
  "DalamudApiLevel": 14,
  "LoadRequiredState": 0,
  "LoadSync": false,
  "CanUnloadAsync": false,
  "LoadPriority": 0,
  "IconUrl": "https://s3.puni.sh/media/plugin/60/icon-2bwhkn3zf1f.png",
  "Punchline": "Condenses combos and mutually exclusive abilities onto a single button - and then some.",
  "Changelog": "Please check the project's GitHub or Discord for a full changelog.",
  "AcceptsFeedback": true
}