{
  "Author": "53m1k0l0n/Gidedin (Puni.sh)",
  "Name": "LazyLoot",
  "InternalName": "LazyLoot",
  "AssemblyVersion": "5.3.2.3",
  "Description": "Roll command with various arguments need | needonly | greed | pass | passall. \nChat and Toast output and delay for rolling.",
  "ApplicableVersion": "any",
  "RepoUrl": "https://github.com/PunishXIV/LazyLoot",
  "Tags": [
    "plugin",
    "loot",
    "utility",
    "other"
  ],
  "DalamudApiLevel": 13,
  "LoadRequiredState": 0,
  "LoadSync": false,
  "CanUnloadAsync": false,
  "LoadPriority": 0,
  "IconUrl": "https://love.puni.sh/resources/lazyloot.png",
  "Punchline": "Dungeon Loot but Lazy.",
  "Changelog": "- Fulf command toggle now works as intended.",
  "AcceptsFeedback": true
}