{
  "Author": "Sevii",
  "Name": "Aetherment",
  "InternalName": "Aetherment",
  "AssemblyVersion": "0.3.3.0",
  "Description": "Auto updates mods and allows for more customization such as color and compositing onto other files",
  "ApplicableVersion": "any",
  "Tags": [
    "Ui",
    "Modding"
  ],
  "DalamudApiLevel": 12,
  "LoadRequiredState": 0,
  "LoadSync": false,
  "CanUnloadAsync": false,
  "LoadPriority": 1,
  "Punchline": "Auto-updating and more customizable mods",
  "AcceptsFeedback": true
}