<?xml version="1.0"?>
<doc>
    <assembly>
        <name>ECommons.IPC</name>
    </assembly>
    <members>
        <member name="P:ECommons.IPC.Subscribers.LifestreamIPC.LifestreamIPC.GetResidentialTerritory">
            <summary>
            city aetheryte id
            </summary>
        </member>
        <member name="P:ECommons.IPC.Subscribers.LifestreamIPC.LifestreamIPC.GetPlotEntrance">
            <summary>
            territory, plot
            </summary>
        </member>
        <member name="P:ECommons.IPC.Subscribers.LifestreamIPC.LifestreamIPC.EnqueuePropertyShortcut">
            <summary>
            type(home=1, fc=2, apartment=3), mode(enter house=2)
            </summary>
        </member>
        <member name="P:ECommons.IPC.Subscribers.LifestreamIPC.LifestreamIPC.TPAndChangeWorld">
            <summary>
            (string w, bool isDcTransfer, string secondaryTeleport, bool noSecondaryTeleport, int? gateway, bool? doNotify, bool? returnToGateway)
            </summary>
        </member>
        <member name="P:ECommons.IPC.Subscribers.TextAdvance.TextAdvanceIPC.EnableExternalControl">
            <summary>
            Enables external control of TextAdvance. 
            First argument = your plugin's name. 
            Second argument is options. Copy ExternalTerritoryConfig to your plugin. Configure it as you wish: set "null" values to features that you want to keep as configured by user. Set "true" or "false" to forcefully enable or disable feature. 
            Returns whether external control successfully enabled or not. When already in external control, it will succeed if called again if plugin name matches with one that already has control and new settings will take effect, otherwise it will fail.
            External control completely disables territory-specific settings.
            </summary>
        </member>
        <member name="P:ECommons.IPC.Subscribers.TextAdvance.TextAdvanceIPC.DisableExternalControl">
            <summary>
            Disables external control. Will fail if external control is obtained from other plugin.
            </summary>
        </member>
        <member name="P:ECommons.IPC.Subscribers.TextAdvance.TextAdvanceIPC.IsInExternalControl">
            <summary>
            Indicates whether external control is enabled.
            </summary>
        </member>
        <member name="P:ECommons.IPC.Subscribers.TextAdvance.TextAdvanceIPC.IsEnabled">
            <summary>
            Indicates whether user has plugin enabled. Respects territory configuration. If in external control, will return true.
            </summary>
        </member>
        <member name="P:ECommons.IPC.Subscribers.TextAdvance.TextAdvanceIPC.IsPaused">
            <summary>
            Indicates whether plugin is paused by other plugin.
            </summary>
        </member>
        <!-- Badly formed XML comment ignored for member "P:ECommons.IPC.Subscribers.TextAdvance.TextAdvanceIPC.GetEnableQuestAccept" -->
        <member name="P:ECommons.IPC.Subscribers.TextAdvance.TextAdvanceIPC.GetEnableQuestComplete">
            <inheritdoc cref="P:ECommons.IPC.Subscribers.TextAdvance.TextAdvanceIPC.GetEnableQuestAccept"/>
        </member>
        <member name="P:ECommons.IPC.Subscribers.TextAdvance.TextAdvanceIPC.GetEnableRewardPick">
            <inheritdoc cref="P:ECommons.IPC.Subscribers.TextAdvance.TextAdvanceIPC.GetEnableQuestAccept"/>
        </member>
        <member name="P:ECommons.IPC.Subscribers.TextAdvance.TextAdvanceIPC.GetEnableCutsceneEsc">
            <inheritdoc cref="P:ECommons.IPC.Subscribers.TextAdvance.TextAdvanceIPC.GetEnableQuestAccept"/>
        </member>
        <member name="P:ECommons.IPC.Subscribers.TextAdvance.TextAdvanceIPC.GetEnableCutsceneSkipConfirm">
            <inheritdoc cref="P:ECommons.IPC.Subscribers.TextAdvance.TextAdvanceIPC.GetEnableQuestAccept"/>
        </member>
        <member name="P:ECommons.IPC.Subscribers.TextAdvance.TextAdvanceIPC.GetEnableRequestHandin">
            <inheritdoc cref="P:ECommons.IPC.Subscribers.TextAdvance.TextAdvanceIPC.GetEnableQuestAccept"/>
        </member>
        <member name="P:ECommons.IPC.Subscribers.TextAdvance.TextAdvanceIPC.GetEnableRequestFill">
            <inheritdoc cref="P:ECommons.IPC.Subscribers.TextAdvance.TextAdvanceIPC.GetEnableQuestAccept"/>
        </member>
        <member name="P:ECommons.IPC.Subscribers.TextAdvance.TextAdvanceIPC.GetEnableTalkSkip">
            <inheritdoc cref="P:ECommons.IPC.Subscribers.TextAdvance.TextAdvanceIPC.GetEnableQuestAccept"/>
        </member>
        <member name="P:ECommons.IPC.Subscribers.TextAdvance.TextAdvanceIPC.GetEnableAutoInteract">
            <inheritdoc cref="P:ECommons.IPC.Subscribers.TextAdvance.TextAdvanceIPC.GetEnableQuestAccept"/>
        </member>
        <member name="P:ECommons.IPC.Subscribers.Vnavmesh.VnavmeshIPC.Pathfind">
            <summary>
            Vector3 from, Vector3 to, bool fly
            </summary>
        </member>
        <member name="P:ECommons.IPC.Subscribers.Vnavmesh.VnavmeshIPC.NearestPoint">
            <summary>
            Vector3 p, float halfExtentXZ, float halfExtentY
            </summary>
        </member>
        <member name="P:ECommons.IPC.Subscribers.Vnavmesh.VnavmeshIPC.PointOnFloor">
            <summary>
            Vector3 p, bool allowUnlandable, float halfExtentXZ
            </summary>
        </member>
        <member name="P:ECommons.IPC.Subscribers.WrathCombo.WrathComboIPC.RequestBlacklist">
            <summary>
            ActionType,<br />
            action ID<br />
            time in miliseconds for how long to blacklist
            </summary>
        </member>
        <member name="P:ECommons.IPC.Subscribers.WrathCombo.WrathComboIPC.ResetBlacklist">
            <summary>
            ActionType,<br />
            action ID
            </summary>
        </member>
        <member name="P:ECommons.IPC.Subscribers.WrathCombo.WrathComboIPC.GetArtificialCooldown">
            <summary>
            ActionType, <br />
            action ID, <br />
            remaining cooldown
            </summary>
        </member>
        <member name="P:ECommons.IPC.Subscribers.WrathCombo.WrathComboIPC.RequestActionUse">
            <summary>
            ActionType, <br />
            action ID, <br />
            time in miliseconds for how long request is valid, <br />
            whether to use action as gcd, where true is use only at GCD time, false use only at OGCD time (no clipping), and null - use asap (with clipping)
            </summary>
        </member>
        <member name="P:ECommons.IPC.Subscribers.WrathCombo.WrathComboIPC.ResetRequest">
            <summary>
            ActionType,<br />
            action ID
            </summary>
        </member>
    </members>
</doc>
