{
  "Author": "NightmareXIV",
  "Name": "Splatoon",
  "InternalName": "Splatoon",
  "AssemblyVersion": "3.8.4.6",
  "Description": "Splatoon is a powerful accessibility tool. It revolutionizes gameplay with its custom waymark system, offering the ability to create unlimited grouped waymarks, labels, and actor indicators with exacting pixel precision. This feature empowers players by making crucial objects and events more visually discernible, thereby facilitating quicker reactions. However, it's important to note that the plugin does not come pre-loaded with presets. Players have the freedom to craft their own or import existing ones, offering a personalized touch to their gaming experience.",
  "ApplicableVersion": "any",
  "RepoUrl": "https://github.com/PunishXIV/Splatoon",
  "Tags": [
    "Utility",
    "Accessibility"
  ],
  "DalamudApiLevel": 13,
  "LoadRequiredState": 0,
  "LoadSync": false,
  "CanUnloadAsync": false,
  "LoadPriority": 0,
  "IconUrl": "https://love.puni.sh/resources/splatoon.png",
  "Punchline": "Redefining FFXIV navigation with unlimited, precise waymarks.",
  "AcceptsFeedback": true
}