{
  "Author": "Liza Carvelli (Puni.sh)",
  "Name": "Palace Pal",
  "InternalName": "PalacePal",
  "AssemblyVersion": "4.13.0.0",
  "Description": "Shows possible trap & Accursed Hoard locations in Palace of The Dead, Heaven on High, and Eureka Orthos.\n\nThis plugin requires Splatoon in order to render various draws on the screen.",
  "ApplicableVersion": "any",
  "RepoUrl": "https://github.com/PunishXIV/PalacePal",
  "Tags": [
    "potd",
    "palace",
    "hoh",
    "splatoon"
  ],
  "DalamudApiLevel": 13,
  "LoadRequiredState": 0,
  "LoadSync": false,
  "CanUnloadAsync": false,
  "LoadPriority": 0,
  "IconUrl": "https://s3.puni.sh/media/plugin/32/icon-vrl2a8dqi3h.png",
  "Punchline": "Shows possible trap & Accursed Hoard locations in Palace of The Dead, Heaven on High, and Eureka Orthos.",
  "AcceptsFeedback": true
}