{
  "Author": "Liza Carvelli",
  "Name": "RetainerTrack",
  "InternalName": "RetainerTrack",
  "AssemblyVersion": "4.3",
  "Description": "Keeps track of who a retainer belongs to - if you have seen the retainer's owner locally (if you were on the same party, or if you have seen an item crafted by them).\n\nTracking is unavailable if the crafter isn't the retainer owner (to avoid resellers being attributed incorrectly), and if the tooltip says 'Obtaining Signature'.",
  "ApplicableVersion": "any",
  "RepoUrl": "https://git.carvel.li/liza/RetainerTrack",
  "Tags": [
    "retainer",
    "track"
  ],
  "DalamudApiLevel": 10,
  "LoadRequiredState": 0,
  "LoadSync": false,
  "CanUnloadAsync": false,
  "LoadPriority": 0,
  "IconUrl": "https://plugins.carvel.li/icons/RetainerTrack.png",
  "Punchline": "Track who a retainer belongs to.",
  "AcceptsFeedback": true
}