{
  "Author": "кайт машина (Puni.sh)",
  "Name": "Avarice",
  "InternalName": "Avarice",
  "AssemblyVersion": "2.1.1.3",
  "Description": "Positional feedback with pixel perfect rear/flank tracking, range indicators, and more.",
  "ApplicableVersion": "any",
  "RepoUrl": "https://github.com/PunishXIV/Avarice",
  "Tags": [
    "combat"
  ],
  "DalamudApiLevel": 13,
  "LoadRequiredState": 0,
  "LoadSync": false,
  "CanUnloadAsync": false,
  "LoadPriority": 0,
  "IconUrl": "https://love.puni.sh/resources/avarice.png",
  "Punchline": "Positional feedback with pixel perfect rear/flank tracking, range indicators, and more.",
  "AcceptsFeedback": true
}