{
  "Author": "Liza Carvelli",
  "Name": "Fish Notify",
  "InternalName": "FishNotify",
  "AssemblyVersion": "6.0",
  "Description": "Plays a sound when a fish is caught, depending on tug-strength",
  "ApplicableVersion": "any",
  "RepoUrl": "https://git.carvel.li/liza/FishNotify",
  "Tags": [
    "fishing"
  ],
  "DalamudApiLevel": 9,
  "LoadRequiredState": 0,
  "LoadSync": false,
  "CanUnloadAsync": false,
  "LoadPriority": 0,
  "IconUrl": "https://git.carvel.li/liza/plugin-repo/raw/branch/master/dist/FishNotify.png",
  "Punchline": "Plays a sound when a fish is caught",
  "AcceptsFeedback": true
}