{
  "Author": "Liza Carvelli",
  "Name": "Palace Pal",
  "InternalName": "Palace Pal",
  "AssemblyVersion": "5.4",
  "Description": "Shows possible trap & hoard coffer locations in Palace of the Dead & Heaven on High.\n\nThe default configuration requires Splatoon to be installed. If you do not wish to install Splatoon, you can switch to the experimental 'Simple' renderer in the configuration.",
  "ApplicableVersion": "any",
  "RepoUrl": "https://git.carvel.li/liza/PalacePal",
  "Tags": [
    "potd",
    "palace",
    "hoh",
    "splatoon"
  ],
  "DalamudApiLevel": 9,
  "LoadRequiredState": 0,
  "LoadSync": false,
  "CanUnloadAsync": false,
  "LoadPriority": 0,
  "IconUrl": "https://git.carvel.li/liza/plugin-repo/raw/branch/master/dist/Palace%20Pal.png",
  "Punchline": "Shows possible trap & hoard coffer locations in Palace of the Dead & Heaven on High.",
  "AcceptsFeedback": true
}