{
  "Author": "кайт машина (Puni.sh)",
  "Name": "AutoRetainer",
  "InternalName": "AutoRetainer",
  "AssemblyVersion": "4.5.1.9",
  "Description": "Collect and assign ventures to your retainers from the comfort of your bed.",
  "ApplicableVersion": "any",
  "RepoUrl": "https://github.com/PunishXIV/AutoRetainer",
  "DalamudApiLevel": 12,
  "LoadRequiredState": 0,
  "LoadSync": false,
  "CanUnloadAsync": false,
  "LoadPriority": 0,
  "IconUrl": "https://s3.puni.sh/media/plugin/24/icon-drb6aywk5m9.png",
  "Punchline": "Collect and assign ventures to your retainers from the comfort of your bed.",
  "AcceptsFeedback": true
}