{
  "Author": "Taurenkey (Puni.sh)",
  "Name": "Artisan",
  "InternalName": "Artisan",
  "AssemblyVersion": "4.0.4.18",
  "Description": "The all-in-one crafting plugin.",
  "ApplicableVersion": "any",
  "RepoUrl": "https://github.com/PunishXIV/Artisan",
  "Tags": [
    "crafting"
  ],
  "DalamudApiLevel": 14,
  "LoadRequiredState": 0,
  "LoadSync": false,
  "CanUnloadAsync": false,
  "LoadPriority": 0,
  "IconUrl": "https://s3.puni.sh/media/plugin/6/icon-3h8wd5b9qr.png",
  "Punchline": "A 'simple' crafting plugin.",
  "Changelog": "- Progress only solver will no longer disable Endurance upon completing a craft if the setting to disable on NQ crafts is enabled.\n- Fix Marketboard context menu integration.\n- List editor UI simulation result will now work better with Raphael solutions.",
  "AcceptsFeedback": true
}