{
  "Author": "Taurenkey (Puni.sh)",
  "Name": "Artisan",
  "InternalName": "Artisan",
  "AssemblyVersion": "4.0.4.15",
  "Description": "The all-in-one crafting plugin.",
  "ApplicableVersion": "any",
  "RepoUrl": "https://github.com/PunishXIV/Artisan",
  "Tags": [
    "crafting"
  ],
  "DalamudApiLevel": 14,
  "LoadRequiredState": 0,
  "LoadSync": false,
  "CanUnloadAsync": false,
  "LoadPriority": 0,
  "IconUrl": "https://s3.puni.sh/media/plugin/6/icon-3h8wd5b9qr.png",
  "Punchline": "A 'simple' crafting plugin.",
  "Changelog": "- Quick synths started by Artisan will default to NQ only.\n- Recipe side window will now show you missing ingredients rather than being a hovered tooltip.\n- Improvements made to Raphael Cache to differentiate regular crafts from specialist crafts (unfortunately this means the cache has been soft-reset)",
  "AcceptsFeedback": true
}