{
  "Author": "Taurenkey (Puni.sh)",
  "Name": "Artisan",
  "InternalName": "Artisan",
  "AssemblyVersion": "4.0.4.22",
  "Description": "The all-in-one crafting plugin.",
  "ApplicableVersion": "any",
  "RepoUrl": "https://github.com/PunishXIV/Artisan",
  "Tags": [
    "crafting"
  ],
  "DalamudApiLevel": 14,
  "LoadRequiredState": 0,
  "LoadSync": false,
  "CanUnloadAsync": false,
  "LoadPriority": 0,
  "IconUrl": "https://s3.puni.sh/media/plugin/6/icon-3h8wd5b9qr.png",
  "Punchline": "A 'simple' crafting plugin.",
  "Changelog": "- List editor adjust quantities option now saved per list, and default behaviour has been added to the main settings list settings section.\n- Adjusting quantities will now also update when clicking elsewhere in the window away from the input and not just on hitting enter.",
  "AcceptsFeedback": true
}