{
  "Author": "Taurenkey (Puni.sh)",
  "Name": "Artisan",
  "InternalName": "Artisan",
  "AssemblyVersion": "4.0.4.21",
  "Description": "The all-in-one crafting plugin.",
  "ApplicableVersion": "any",
  "RepoUrl": "https://github.com/PunishXIV/Artisan",
  "Tags": [
    "crafting"
  ],
  "DalamudApiLevel": 14,
  "LoadRequiredState": 0,
  "LoadSync": false,
  "CanUnloadAsync": false,
  "LoadPriority": 0,
  "IconUrl": "https://s3.puni.sh/media/plugin/6/icon-3h8wd5b9qr.png",
  "Punchline": "A 'simple' crafting plugin.",
  "Changelog": "Adjust List Editor quantity changes to not hang the main thread whilst recalculating.",
  "AcceptsFeedback": true
}